ROW_ID,ITEMID,LABEL,ABBREVIATION,DBSOURCE,LINKSTO,CATEGORY,UNITNAME,PARAM_TYPE,CONCEPTID
13776,225183,Current Goal,Current Goal,metavision,chartevents,Dialysis,mL,Numeric,
13793,225209,Cash amount,Cash amount,metavision,chartevents,Adm History/FHPA,None,Numeric,
14574,227066,Cerebral Perfusion Pressure,CPP,metavision,chartevents,Hemodynamics,mmHg,Numeric,
14578,227073,Anion gap,Anion gap,metavision,chartevents,Labs,None,Numeric,
14584,227100,Catheter insertion length (PICC),Catheter insertion length (PICC),metavision,chartevents,PICC Line Insertion,cm,Numeric,
14585,227105,Catheter insertion length (CVL),Catheter insertion length (CVL),metavision,chartevents,CVL Insertion,cm,Numeric,
14604,227187,Pinsp (Draeger only),Pinsp (Draeger only),metavision,chartevents,Respiratory,cmH2O,Numeric,
14609,227210,Propofol (Intubation),Propofol (Intubation),metavision,chartevents,Intubation,mg,Numeric,
14610,227211,Ketamine (Intubation),Ketamine (Intubation),metavision,chartevents,Intubation,mg,Numeric,
14611,227212,Etomidate (Intubation),Etomidate (Intubation),metavision,chartevents,Intubation,mg,Numeric,
14612,227213,Vecuronium (Intubation),Vecuronium (Intubation),metavision,chartevents,Intubation,mg,Numeric,
14613,227214,Cis-atracurium (Intubation),Cis-atracurium (Intubation),metavision,chartevents,Intubation,mg,Numeric,
14614,227215,Succynlocholine (Intubation),Succynlocholine (Intubation),metavision,chartevents,Intubation,mg,Numeric,
15399,228284,FM Time spent,FM Time spent,metavision,chartevents,Family Mtg Note,min,Numeric,
15408,228610,Pressure Ulcer #1- Depth,Pressure Ulcer #1- Depth,metavision,chartevents,Skin - Impairment,cm,Numeric,
15409,228611,Pressure Ulcer #2- Depth,Pressure Ulcer #2- Depth,metavision,chartevents,Skin - Impairment,cm,Numeric,
15410,228612,Pressure Ulcer #3- Depth,Pressure Ulcer #3- Depth,metavision,chartevents,Skin - Impairment,cm,Numeric,
15411,228613,Pressure Ulcer #4- Depth,Pressure Ulcer #4- Depth,metavision,chartevents,Skin - Impairment,cm,Numeric,
15412,228614,Pressure Ulcer #5- Depth,Pressure Ulcer #5- Depth,metavision,chartevents,Skin - Impairment,cm,Numeric,
15413,228615,Pressure Ulcer #6- Depth,Pressure Ulcer #6- Depth,metavision,chartevents,Skin - Impairment,cm,Numeric,
15414,228616,Pressure Ulcer #7- Depth,Pressure Ulcer #7- Depth,metavision,chartevents,Skin - Impairment,cm,Numeric,
15415,228617,Pressure Ulcer #8- Depth,Pressure Ulcer #8- Depth,metavision,chartevents,Skin - Impairment,cm,Numeric,
15416,228618,Pressure Ulcer #9- Depth,Pressure Ulcer #9- Depth,metavision,chartevents,Skin - Impairment,cm,Numeric,
15417,228619,Pressure Ulcer #10- Depth,Pressure Ulcer #10- Depth,metavision,chartevents,Skin - Impairment,cm,Numeric,
15418,228620,Pressure Ulcer #1- Width,Pressure Ulcer #1-  Width,metavision,chartevents,Skin - Impairment,cm,Numeric,
15419,228621,Pressure Ulcer #2- Width,Pressure Ulcer #2-  Width,metavision,chartevents,Skin - Impairment,cm,Numeric,
15420,228622,Pressure Ulcer #3- Width,Pressure Ulcer #3-  Width,metavision,chartevents,Skin - Impairment,cm,Numeric,
15421,228623,Pressure Ulcer #4- Width,Pressure Ulcer #4-  Width,metavision,chartevents,Skin - Impairment,cm,Numeric,
15422,228624,Pressure Ulcer #5- Width,Pressure Ulcer #5-  Width,metavision,chartevents,Skin - Impairment,cm,Numeric,
15423,228625,Pressure Ulcer #6- Width,Pressure Ulcer #6-  Width,metavision,chartevents,Skin - Impairment,cm,Numeric,
15424,228626,Pressure Ulcer #7- Width,Pressure Ulcer #7-  Width,metavision,chartevents,Skin - Impairment,cm,Numeric,
15425,228627,Pressure Ulcer #8- Width,Pressure Ulcer #8-  Width,metavision,chartevents,Skin - Impairment,cm,Numeric,
15426,228628,Pressure Ulcer #9- Width,Pressure Ulcer #9-  Width,metavision,chartevents,Skin - Impairment,cm,Numeric,
15427,228629,Pressure Ulcer #10- Width,Pressure Ulcer #10-  Width,metavision,chartevents,Skin - Impairment,cm,Numeric,
15429,228640,EtCO2,EtCO2,metavision,chartevents,Routine Vital Signs,None,Numeric,
15336,228148,ABI Ankle BP R (Impella),ABI Ankle BP R (Impella),metavision,chartevents,Impella,mmHg,Numeric,
15337,228149,ABI Brachial BP L (Impella),ABI Brachial BP L (Impella),metavision,chartevents,Impella,mmHg,Numeric,
15338,228151,Aortic Pressure Signal - Diastolic,Aortic Pressure Signal - Diastolic,metavision,chartevents,Impella,None,Numeric,
15339,228152,Aortic Pressure Signal - Systolic,Aortic Pressure Signal - Systolic,metavision,chartevents,Impella,None,Numeric,
15341,228154,Impella 2.5 Flow Rate,Impella 2.5 Flow Rate,metavision,chartevents,Impella,L/min,Numeric,
15344,228158,Purge Pressure,Purge Pressure,metavision,chartevents,Impella,mmHg,Numeric,
15345,228159,Purge Solution Flow Rate,Purge Solution Flow Rate,metavision,chartevents,Impella,ml/hr,Numeric,
15347,228162,Impella Catheter Position,Impella Catheter Position,metavision,chartevents,Access Lines - Invasive,cm,Numeric,
15361,228176,CFI (PiCCO),CFI (PiCCO),metavision,chartevents,PiCCO,L/min,Numeric,
13047,224161,Resp Alarm - High,Resp Alarm - High,metavision,chartevents,Alarms,insp/min,Numeric,
13048,224162,Resp Alarm - Low,Resp Alarm - Low,metavision,chartevents,Alarms,insp/min,Numeric,
13049,224166,Doppler BP,Doppler BP,metavision,chartevents,Routine Vital Signs,mmHg,Numeric,
13050,224167,Manual Blood Pressure Systolic Left,Manual BPs L,metavision,chartevents,Routine Vital Signs,mmHg,Numeric,
13052,224169,MDI #1 Puff,MDI #1 Puff,metavision,chartevents,Respiratory,None,Numeric,
13054,224172,MDI #2 Puff,MDI #2 Puff,metavision,chartevents,Respiratory,None,Numeric,
13056,224175,MDI #3 Puff,MDI #3 Puff,metavision,chartevents,Respiratory,None,Numeric,
13058,224178,Small Volume Neb Dose #2,SV Neb Dose #2,metavision,chartevents,Respiratory,None,Numeric,
13066,224191,Hourly Patient Fluid Removal,Hourly PFR,metavision,chartevents,Dialysis,mL,Numeric,
13067,224192,Pulsus Paradoxus,Pulsus Paradoxus,metavision,chartevents,Routine Vital Signs,None,Numeric,
14727,227050,RR_ApacheIV,RR_ApacheIV,metavision,chartevents,Scores - APACHE IV (2),insp/min,Numeric,
14728,227051,RRScore_ApacheIV,RRScore_ApacheIV,metavision,chartevents,Scores - APACHE IV (2),None,Numeric,
14729,227052,Sodium_ApacheIV,Sodium_ApacheIV,metavision,chartevents,Scores - APACHE IV (2),None,Numeric,
14730,227053,SodiumScore_ApacheIV,SodiumScore_ApacheIV,metavision,chartevents,Scores - APACHE IV (2),None,Numeric,
14731,227054,TemperatureF_ApacheIV,TemperatureF_ApacheIV,metavision,chartevents,Scores - APACHE IV (2),?F,Numeric,
14732,227055,TempScore_ApacheIV,TempScore_ApacheIV,metavision,chartevents,Scores - APACHE IV (2),None,Numeric,
14735,227059,UrineScore_ApacheIV,UrineScore_ApacheIV,metavision,chartevents,Scores - APACHE IV (2),None,Numeric,
14738,227062,WBC_ApacheIV,WBC_ApacheIV,metavision,chartevents,Scores - APACHE IV (2),None,Numeric,
14739,227063,WBCScore_ApacheIV,WBCScore_ApacheIV,metavision,chartevents,Scores - APACHE IV (2),None,Numeric,
14618,227242,Manual Blood Pressure Diastolic Right,Manual BPd R,metavision,chartevents,Routine Vital Signs,mmHg,Numeric,
14619,227243,Manual Blood Pressure Systolic Right,Manual BPs R,metavision,chartevents,Routine Vital Signs,mmHg,Numeric,
14620,227287,O2 Flow (additional cannula),O2 Flow (additional cannula),metavision,chartevents,Respiratory,L/min,Numeric,
14627,226846,Feeding Weight,Feeding Weight,metavision,chartevents,General,kg,Numeric,
14628,226849,RA (mean) pressure (PA Line),RA (mean) pressure (PA Line),metavision,chartevents,PA Line Insertion,mmHg,Numeric,
14629,226850,RV systolic pressure(PA Line),RV systolic pressure(PA Line),metavision,chartevents,PA Line Insertion,mmHg,Numeric,
14630,226851,RV diastolic pressure(PA Line),RV diastolic pressure(PA Line),metavision,chartevents,PA Line Insertion,mmHg,Numeric,
14631,226852,PA systolic pressure(PA Line),PA systolic pressure(PA Line),metavision,chartevents,PA Line Insertion,mmHg,Numeric,
14632,226853,PA diastolic pressure(PA Line),PA diastolic pressure(PA Line),metavision,chartevents,PA Line Insertion,mmHg,Numeric,
14633,226854,PCWP (v wave) (PA Line),PCWP (v wave) (PA Line),metavision,chartevents,PA Line Insertion,mmHg,Numeric,
14634,226855,PCWP (mean) (PA Line),PCWP (mean) (PA Line),metavision,chartevents,PA Line Insertion,mmHg,Numeric,
14635,226857,PA mean pressure (PA Line),PA mean pressure (PA Line),metavision,chartevents,PA Line Insertion,mmHg,Numeric,
14636,226858,CO pressure (PA Line),CO pressure (PA Line),metavision,chartevents,PA Line Insertion,L/min,Numeric,
14637,226859,CI pressure (PA Line),CI pressure (PA Line),metavision,chartevents,PA Line Insertion,L/min/m2,Numeric,
14638,226860,RA %O2 Saturation (PA Line),RA %O2 Saturation (PA Line),metavision,chartevents,PA Line Insertion,%,Numeric,
14639,226861,ART %O2 saturation (PA Line),ART %O2 saturation (PA Line),metavision,chartevents,PA Line Insertion,%,Numeric,
14640,226862,PA %O2 Saturation (PA Line),PA %O2 Saturation (PA Line),metavision,chartevents,PA Line Insertion,%,Numeric,
14641,226863,PVR %O2 Saturation (PA Line),PVR %O2 Saturation (PA Line),metavision,chartevents,PA Line Insertion,dynes*sec/cm5,Numeric,
14642,226865,SVR %O2 Saturation (PA Line),SVR %O2 Saturation (PA Line),metavision,chartevents,PA Line Insertion,dynes*sec/cm5,Numeric,
14643,226871,Expiratory Ratio,Expiratory Ratio,metavision,chartevents,Respiratory,None,Numeric,
14644,226873,Inspiratory Ratio,Inspiratory Ratio,metavision,chartevents,Respiratory,None,Numeric,
14658,226980,AgeScore_ApacheIV,AgeScore_ApacheIV,metavision,chartevents,Scores - APACHE IV (2),None,Numeric,
14659,226981,Albumin_ApacheIV,Albumin_ApacheIV,metavision,chartevents,Scores - APACHE IV (2),None,Numeric,
14660,226982,AlbuminScore_ApacheIV,AlbuminScore_ApacheIV,metavision,chartevents,Scores - APACHE IV (2),None,Numeric,
14661,226983,Apache IV A-aDO2,Apache IV A-aDO2,metavision,chartevents,Scores - APACHE IV (2),None,Numeric,
14662,226984,Apache IV Age,Apache IV Age,metavision,chartevents,Scores - APACHE IV (2),years,Numeric,
14668,226990,Apache IV PaFiRatio,Apache IV PaFiRatio,metavision,chartevents,Scores - APACHE IV (2),None,Numeric,
15497,228368,Cardiac Index (CI NICOM),Cardiac Index (CI NICOM),metavision,chartevents,NICOM,L/min/m2,Numeric,
13008,223679,TCO2 (calc) Venous,TCO2 (calc) Venous,metavision,chartevents,Labs,None,Numeric,
13009,223751,Non-Invasive Blood Pressure Alarm - High,NBP Alarm - High,metavision,chartevents,Alarms,mmHg,Numeric,
14669,226991,APACHEIII,APACHEIII,metavision,chartevents,Scores - APACHE IV (2),None,Numeric,
14670,226993,ApacheIV_LOS,ApacheIV_LOS,metavision,chartevents,Scores - APACHE IV (2),%,Numeric,
14671,226994,ApacheIV_Mortality prediction,ApacheIV_Mortality prediction,metavision,chartevents,Scores - APACHE IV (2),None,Numeric,
14672,226995,ApacheIV_Natural antilog,ApacheIV_Natural antilog,metavision,chartevents,Scores - APACHE IV (2),None,Numeric,
14673,226996,APS,APS,metavision,chartevents,Scores - APACHE IV (2),None,Numeric,
14675,226998,Bilirubin_ApacheIV,Bilirubin_ApacheIV,metavision,chartevents,Scores - APACHE IV (2),None,Numeric,
14676,226999,BiliScore_ApacheIV,BiliScore_ApacheIV,metavision,chartevents,Scores - APACHE IV (2),None,Numeric,
14677,227000,BUN_ApacheIV,BUN_ApacheIV,metavision,chartevents,Scores - APACHE IV (2),None,Numeric,
14678,227001,BunScore_ApacheIV,BunScore_ApacheIV,metavision,chartevents,Scores - APACHE IV (2),None,Numeric,
14681,227004,ChronicScore_ApacheIV,ChronicScore_ApacheIV,metavision,chartevents,Scores - APACHE IV (2),None,Numeric,
14682,227005,Creatinine_ApacheIV,Creatinine_ApacheIV,metavision,chartevents,Scores - APACHE IV (2),None,Numeric,
14683,227006,CreatScore_ApacheIV,CreatScore_ApacheIV,metavision,chartevents,Scores - APACHE IV (2),None,Numeric,
14685,227008,Ejection Fraction,Ejection Fraction,metavision,chartevents,Scores - APACHE IV (2),%,Numeric,
14686,227009,FiO2_ApacheIV_old,FiO2_ApacheIV_old,metavision,chartevents,Scores - APACHE IV (2),None,Numeric,
14687,227010,FiO2_ApacheIV,FiO2_ApacheIV,metavision,chartevents,Scores - APACHE IV (2),%,Numeric,
14690,227013,GcsScore_ApacheIV,GcsScore_ApacheIV,metavision,chartevents,Scores - APACHE IV (2),None,Numeric,
14692,227015,Glucose_ApacheIV,Glucose_ApacheIV,metavision,chartevents,Scores - APACHE IV (2),None,Numeric,
14693,227016,GlucoseScore_ApacheIV,GlucoseScore_ApacheIV,metavision,chartevents,Scores - APACHE IV (2),None,Numeric,
14694,227017,Hematocrit_ApacheIV,Hematocrit_ApacheIV,metavision,chartevents,Scores - APACHE IV (2),None,Numeric,
14695,227018,HR_ApacheIV,HR_ApacheIV,metavision,chartevents,Scores - APACHE IV (2),bpm,Numeric,
14696,227019,HrScore_ApacheIV,HrScore_ApacheIV,metavision,chartevents,Scores - APACHE IV (2),None,Numeric,
14697,227020,HtScore_ApacheIV,HtScore_ApacheIV,metavision,chartevents,Scores - APACHE IV (2),None,Numeric,
14699,227022,LOS pre-ICU admission,LOS pre-ICU admission,metavision,chartevents,Scores - APACHE IV (2),None,Numeric,
14700,227023,MAP_ApacheIV,MAP_ApacheIV,metavision,chartevents,Scores - APACHE IV (2),mmHg,Numeric,
14701,227024,MapScore_ApacheIV,MapScore_ApacheIV,metavision,chartevents,Scores - APACHE IV (2),None,Numeric,
14712,227035,OxygenScore_ApacheIV,OxygenScore_ApacheIV,metavision,chartevents,Scores - APACHE IV (2),None,Numeric,
14713,227036,PCO2_ApacheIV,PCO2_ApacheIV,metavision,chartevents,Scores - APACHE IV (2),None,Numeric,
14714,227037,PH_ApacheIV,PH_ApacheIV,metavision,chartevents,Scores - APACHE IV (2),None,Numeric,
14715,227038,PHPaCO2Score_ApacheIV,PHPaCO2Score_ApacheIV,metavision,chartevents,Scores - APACHE IV (2),None,Numeric,
14716,227039,PO2_ApacheIV,PO2_ApacheIV,metavision,chartevents,Scores - APACHE IV (2),mmHg,Numeric,
15498,228369,Cardiac Output (CO NICOM),Cardiac Output (CO NICOM),metavision,chartevents,NICOM,L/min,Numeric,
15499,228370,CO / CI Change,CO / CI Change,metavision,chartevents,NICOM,%,Numeric,
15500,228371,DO2I (NICOM),DO2I (NICOM),metavision,chartevents,NICOM,mL/min/m2,Numeric,
15503,228374,Stroke Volume (SV NICOM),Stroke Volume (SV NICOM),metavision,chartevents,NICOM,mL/beat,Numeric,
15504,228375,Stroke Volume Index (SVI NICOM),Stroke Volume Index (SVI NICOM),metavision,chartevents,NICOM,%,Numeric,
15505,228376,Stroke Volume Variation (SVV NICOM),Stroke Volume Variation (SVI NICOM),metavision,chartevents,NICOM,None,Numeric,
15506,228377,SVI Change,SVI Change,metavision,chartevents,NICOM,%,Numeric,
15507,228378,TFCd (NICOM),TFCd (NICOM),metavision,chartevents,NICOM,%,Numeric,
15508,228379,TFCd0 (NICOM),TFCd0 (NICOM),metavision,chartevents,NICOM,%,Numeric,
15509,228380,Thoracic Fluid Content (TFC) (NICOM),TFC (NICOM),metavision,chartevents,NICOM,None,Numeric,
15510,228381,Total Peripheral Resistance (TPR) (NICOM),TPR (NICOM),metavision,chartevents,NICOM,dynes*sec/cm5,Numeric,
15511,228382,Total Peripheral Resistance Index (TPRI) (NICOM),TPRI (NICOM),metavision,chartevents,NICOM,dynes*sec/cm5/m2,Numeric,
15513,228384,Number of days (CVL),Number of days (CVL),metavision,chartevents,CVL Insertion,None,Numeric,
15520,228392,Alsius Bath Temp,Alsius Bath Temp,metavision,chartevents,Treatments,?C,Numeric,
15551,228435,Volume instilled (MBAL),Volume instilled (MBAL),metavision,chartevents,Bronchoscopy,mL,Numeric,
15552,228436,Volume obtained (MBAL),Volume obtained (MBAL),metavision,chartevents,Bronchoscopy,mL,Numeric,
13187,224144,Blood Flow (ml/min),Blood Flow (ml/min),metavision,chartevents,Dialysis,ml/min,Numeric,
13188,224145,Heparin Dose (per hour),Heparin Dose (per hour),metavision,chartevents,Dialysis,units,Numeric,
13190,224149,Access Pressure,Access Pressure,metavision,chartevents,Dialysis,mmHg,Numeric,
13191,224150,Filter Pressure,Filter Pressure,metavision,chartevents,Dialysis,mmHg,Numeric,
13192,224151,Effluent Pressure,Effluent Pressure,metavision,chartevents,Dialysis,mmHg,Numeric,
13193,224152,Return Pressure,Return Pressure,metavision,chartevents,Dialysis,mmHg,Numeric,
13194,224153,Replacement Rate,Replacement Rate,metavision,chartevents,Dialysis,ml/hr,Numeric,
13195,224154,Dialysate Rate,Dialysate Rate,metavision,chartevents,Dialysis,ml/hr,Numeric,
14846,227516,PO2 (Mixed Venous),PO2 (Mixed Venous),metavision,chartevents,Labs,mmHg,Numeric,
14849,227519,Urine output_ApacheIV,Urine output,metavision,chartevents,Scores - APACHE IV (2),None,Numeric,
14851,227521,KCL Bolus),KCL (Bolus),metavision,chartevents,Medications,mL,Numeric,
13209,223958,Temporary Venticular Sens Threshold mV,Temp Venticular Sens Threshold mV,metavision,chartevents,Cardiovascular (Pacer Data),mV,Numeric,
13210,223960,Temporary Venticular Stim Threshold mA,Temp Venticular Stim Threshold mA,metavision,chartevents,Cardiovascular (Pacer Data),mA,Numeric,
13212,223962,Temporary Pacemaker Wires Venticular,Temp Pacemaker Wires Venticular,metavision,chartevents,Cardiovascular (Pacer Data),None,Numeric,
13213,223963,Temporary Pacemaker Wires Ground,Temp Pacemaker Wires Ground,metavision,chartevents,Cardiovascular (Pacer Data),None,Numeric,
13218,223969,Transcutaneous Pacer Rate,Transcutaneous Pacer Rate,metavision,chartevents,Cardiovascular (Pacer Data),None,Numeric,
13240,224684,Tidal Volume (set),Tidal Volume (set),metavision,chartevents,Respiratory,mL,Numeric,
13241,224685,Tidal Volume (observed),Tidal Volume (observed),metavision,chartevents,Respiratory,mL,Numeric,
13242,224686,Tidal Volume (spontaneous),Tidal Volume (spontaneous),metavision,chartevents,Respiratory,mL,Numeric,
13243,224687,Minute Volume,Minute Volume,metavision,chartevents,Respiratory,L/min,Numeric,
13244,224688,Respiratory Rate (Set),Respiratory Rate (Set),metavision,chartevents,Respiratory,insp/min,Numeric,
13245,224689,Respiratory Rate (spontaneous),Respiratory Rate (spontaneous),metavision,chartevents,Respiratory,insp/min,Numeric,
13246,224690,Respiratory Rate (Total),Respiratory Rate (Total),metavision,chartevents,Respiratory,insp/min,Numeric,
13247,224691,Flow Rate (L/min),Flow Rate (L/min),metavision,chartevents,Respiratory,L/min,Numeric,
13249,224695,Peak Insp. Pressure,Peak Insp. Pressure,metavision,chartevents,Respiratory,cmH2O,Numeric,
13250,224696,Plateau Pressure,Plateau Pressure,metavision,chartevents,Respiratory,cmH2O,Numeric,
13251,224697,Mean Airway Pressure,Mean Airway Pressure,metavision,chartevents,Respiratory,cmH2O,Numeric,
13252,224699,ZAuto Peep Level,ZAuto Peep Level,metavision,chartevents,Respiratory,cmH2O,Numeric,
13253,224700,Total PEEP Level,Total PEEP Level,metavision,chartevents,Respiratory,cmH2O,Numeric,
13254,224701,PSV Level,PSV Level,metavision,chartevents,Respiratory,cmH2O,Numeric,
13255,224702,PCV Level (Avea),PCV Level (Avea),metavision,chartevents,Respiratory,cmH2O,Numeric,
13256,224703,ZATC Tube #,ZATC Tube #,metavision,chartevents,Respiratory,None,Numeric,
13257,224704,ATC %,ATC %,metavision,chartevents,Respiratory,%,Numeric,
14750,227428,SOFA Score,SOFA Score,metavision,chartevents,General,None,Numeric,
14752,227438,Volume not removed,Volume not removed,metavision,chartevents,Dialysis,mL,Numeric,
14773,227527,ADA-A (500ml),ADA-A (500ml),metavision,chartevents,Medications,mL,Numeric,
15560,228444,BIS Index Range,BIS Index Range,metavision,chartevents,Pain/Sedation,None,Numeric,
15583,228478,Number of Attempts (Gen Proc),Number of Attempts (Gen Proc),metavision,chartevents,Generic Proc Note,None,Numeric,
15584,228479,Number of Operators (Gen Proc),Number of Operators (Gen Proc),metavision,chartevents,Generic Proc Note,None,Numeric,
13103,224309,Assisted Systole,SYS - Assisted,metavision,chartevents,IABP,mmHg,Numeric,
13104,224310,Augmented Diastole,AUG,metavision,chartevents,IABP,mmHg,Numeric,
13105,224311,BAEDP,DIA - Assisted,metavision,chartevents,IABP,mmHg,Numeric,
13106,224314,ABI Brachial BP R (Impella),ABI Brachial BP R (Impella),metavision,chartevents,Impella,mmHg,Numeric,
13107,224315,ABI Brachial BP L,ABI Brachial BP L,metavision,chartevents,IABP,mmHg,Numeric,
13108,224317,ABI Ankle BP R,ABI Ankle BP R,metavision,chartevents,IABP,mmHg,Numeric,
13109,224318,ABI Ankle BP L (Impella),ABI Ankle BP L (Impella),metavision,chartevents,Impella,mmHg,Numeric,
13110,224322,IABP Mean,MAP - Assisted,metavision,chartevents,IABP,mmHg,Numeric,
13112,224328,PCA dose,PCA dose,metavision,chartevents,Pain/Sedation,None,Numeric,
13113,224329,PCA lockout (min),PCA lockout (min),metavision,chartevents,Pain/Sedation,min,Numeric,
13114,224330,PCA 1 hour limit,PCA 1 hour limit,metavision,chartevents,Pain/Sedation,None,Numeric,
13115,224331,PCA basal rate (mL/hour),PCA basal rate (mL/hour),metavision,chartevents,Pain/Sedation,ml/hr,Numeric,
13116,224332,PCA inject,PCA inject,metavision,chartevents,Pain/Sedation,None,Numeric,
13127,224359,QTc,QTc,metavision,chartevents,Routine Vital Signs,sec,Numeric,
13128,224363,VAD Beat Rate L,VAD Beat Rate L,metavision,chartevents,Hemodynamics,bpm,Numeric,
13129,224366,Epidural Infusion Rate (mL/hr),Epidural Infusion Rate (mL/hr),metavision,chartevents,Pain/Sedation,ml/hr,Numeric,
13130,224367,Epidural Total Dose (mL),Epidural Total Dose (mL),metavision,chartevents,Pain/Sedation,mL,Numeric,
13988,225806,Volume In (PD),Volume In (PD),metavision,chartevents,Dialysis,mL,Numeric,
13989,225807,Volume Out (PD),Volume Out (PD),metavision,chartevents,Dialysis,mL,Numeric,
13991,225810,Dwell Time (Peritoneal Dialysis),Dwell Time (Hours),metavision,chartevents,Dialysis,hour,Numeric,
14783,227537,ART Blood Pressure Alarm - High,ART BP Alarm - High,metavision,chartevents,Alarms,mmHg,Numeric,
14784,227538,ART Blood Pressure Alarm - Low,ART BP Alarm - Low,metavision,chartevents,Alarms,mmHg,Numeric,
14788,227543,CO (Arterial),CO (Arterial),metavision,chartevents,Hemodynamics,L/min,Numeric,
14789,227546,SVV (Arterial),SVV (Arterial),metavision,chartevents,Hemodynamics,%,Numeric,
14790,227547,SV (Arterial),SV (Arterial),metavision,chartevents,Hemodynamics,mL/beat,Numeric,
14791,227549,ScvO2 (Presep),ScvO2 (Presep),metavision,chartevents,Hemodynamics,%,Numeric,
14794,227565,Ventilator Tank #1,Ventilator Tank #1,metavision,chartevents,Respiratory,None,Numeric,
14795,227566,Ventilator Tank #2,Ventilator Tank #2,metavision,chartevents,Respiratory,None,Numeric,
14801,227579,BiPap EPAP,BiPap EPAP,metavision,chartevents,Respiratory,cmH2O,Numeric,
14802,227580,BiPap IPAP,BiPap IPAP,metavision,chartevents,Respiratory,cmH2O,Numeric,
14803,227581,BiPap bpm (S/T -Back up),BiPap bpm (S/T -Back up),metavision,chartevents,Respiratory,bpm,Numeric,
14804,227582,BiPap O2 Flow,BiPap O2 Flow,metavision,chartevents,Respiratory,L/min,Numeric,
14808,227586,GI pH,GI pH,metavision,chartevents,GI/GU,None,Numeric,
14815,227596,Impaired Skin Depth #9,Site Depth #9,metavision,chartevents,Skin - Impairment,cm,Numeric,
14816,227597,Impaired Skin Depth #10,Site Depth #10,metavision,chartevents,Skin - Impairment,cm,Numeric,
13326,224404,ART Lumen Volume,ART Lumen Volume,metavision,chartevents,Dialysis,mL,Numeric,
13327,224406,VEN Lumen Volume,VEN  Lumen Volume,metavision,chartevents,Dialysis,mL,Numeric,
13329,224410,PCA bolus,PCA bolus,metavision,chartevents,Pain/Sedation,None,Numeric,
13330,224411,Epidural Bolus (mL),Epidural Bolus (mL),metavision,chartevents,Pain/Sedation,mL,Numeric,
13334,224417,Cuff Pressure,Cuff Pressure,metavision,chartevents,Respiratory,cmH2O,Numeric,
13335,224418,Cuff Volume (mL),Cuff Volume (mL),metavision,chartevents,Respiratory,mL,Numeric,
13336,224419,Negative Insp. Force,Negative Insp. Force,metavision,chartevents,Respiratory,cmH2O,Numeric,
13337,224420,Vital Cap,Vital Cap,metavision,chartevents,Respiratory,Liters,Numeric,
13338,224421,Spont Vt,Spont Vt,metavision,chartevents,Respiratory,mL,Numeric,
13339,224422,Spont RR,Spont RR,metavision,chartevents,Respiratory,bpm,Numeric,
14213,225959,Medication Added Amount  #1 (Peritoneal Dialysis),Medication Added Amount #1 (PD),metavision,chartevents,Dialysis,None,Numeric,
13258,224705,P High (APRV),P High (APRV),metavision,chartevents,Respiratory,cmH2O,Numeric,
13259,224706,P Low (APRV),P Low (APRV),metavision,chartevents,Respiratory,cmH2O,Numeric,
13260,224707,T High (APRV),T High (APRV),metavision,chartevents,Respiratory,sec,Numeric,
13261,224709,T Low (APRV),T Low (APRV),metavision,chartevents,Respiratory,sec,Numeric,
14077,225612,Alkaline Phosphate,Alkaline Phosphate,metavision,chartevents,Labs,None,Numeric,
14079,225622,ZBrain Natiuretic Peptide (BNP),ZBrain Natiuretic Peptide (BNP),metavision,chartevents,Labs,None,Numeric,
14081,225624,BUN,BUN,metavision,chartevents,Labs,None,Numeric,
14082,225625,Calcium non-ionized,Calcium non-ionized,metavision,chartevents,Labs,None,Numeric,
14083,225628,CK-MB fraction (%),CK-MB fraction (%),metavision,chartevents,Labs,None,Numeric,
14087,225632,ZCK-MB,ZCK-MB,metavision,chartevents,Labs,None,Numeric,
14089,225634,CK (CPK),CK (CPK),metavision,chartevents,Labs,None,Numeric,
14090,225636,D-Dimer,D-Dimer,metavision,chartevents,Labs,None,Numeric,
14091,225637,Differential-Atyps,Differential-Atyps,metavision,chartevents,Labs,None,Numeric,
14092,225638,Differential-Bands,Differential-Bands,metavision,chartevents,Labs,None,Numeric,
14093,225639,Differential-Basos,Differential-Basos,metavision,chartevents,Labs,None,Numeric,
14094,225640,Differential-Eos,Differential-Eos,metavision,chartevents,Labs,None,Numeric,
14095,225641,Differential-Lymphs,Differential-Lymphs,metavision,chartevents,Labs,None,Numeric,
14096,225642,Differential-Monos,Differential-Monos,metavision,chartevents,Labs,None,Numeric,
14097,225643,Differential-Neuts,Differential-Neuts,metavision,chartevents,Labs,None,Numeric,
14098,225644,ZDigoxin,ZDigoxin,metavision,chartevents,Labs,None,Numeric,
14099,225645,ZPhenytoin (Dilantin),ZPhenytoin (Dilantin),metavision,chartevents,Labs,None,Numeric,
14103,225651,Direct Bilirubin,Direct Bilirubin,metavision,chartevents,Labs,None,Numeric,
14104,225655,ZFK506,ZFK506,metavision,chartevents,Labs,None,Numeric,
14105,225656,Freeform Chemistry,Freeform Chemistry,metavision,chartevents,Labs,None,Numeric,
14106,225657,Freeform Coags,Freeform Coags,metavision,chartevents,Labs,None,Numeric,
14107,225658,Freeform Drug Level,Freeform Drug Level,metavision,chartevents,Labs,None,Numeric,
14108,225659,Freeform Enzymes,Freeform Enzymes,metavision,chartevents,Labs,None,Numeric,
14109,225660,Freeform Hematology,Freeform Hematology,metavision,chartevents,Labs,None,Numeric,
14110,225662,ZGentamicin (Peak),ZGentamicin (Peak),metavision,chartevents,Labs,None,Numeric,
14111,225664,Glucose finger stick,Glucose finger stick,metavision,chartevents,Labs,None,Numeric,
14112,225667,Ionized Calcium,Ionized Calcium,metavision,chartevents,Labs,None,Numeric,
14113,225668,Lactic Acid,Lactic Acid,metavision,chartevents,Labs,None,Numeric,
14114,225670,ZLDL measured,ZLDL measured,metavision,chartevents,Labs,None,Numeric,
14115,225671,LDL calculated,LDL calculated,metavision,chartevents,Labs,None,Numeric,
14116,225672,Lipase,Lipase,metavision,chartevents,Labs,None,Numeric,
14117,225674,Mixed Venous O2% Sat,Mixed Venous O2% Sat,metavision,chartevents,Labs,%,Numeric,
14118,225676,ZPhenobarbital,ZPhenobarbital,metavision,chartevents,Labs,None,Numeric,
14119,225677,Phosphorous,Phosphorous,metavision,chartevents,Labs,None,Numeric,
14120,225678,ZPlatelet Count,ZPlatelet Count,metavision,chartevents,Labs,None,Numeric,
14121,225679,ZProcan,ZProcan,metavision,chartevents,Labs,None,Numeric,
14122,225680,ZProcan Napa,ZProcan Napa,metavision,chartevents,Labs,None,Numeric,
14123,225683,ZSed Rate,ZSed Rate,metavision,chartevents,Labs,None,Numeric,
14124,225684,Serum Osmolality,Serum Osmolality,metavision,chartevents,Labs,None,Numeric,
14125,225685,Thiocynate,Thiocynate,metavision,chartevents,Labs,None,Numeric,
14126,225686,ZThrombin,ZThrombin,metavision,chartevents,Labs,None,Numeric,
14127,225688,ZTobramycin (Peak),ZTobramycin (Peak),metavision,chartevents,Labs,None,Numeric,
14129,225690,Total Bilirubin,Total Bilirubin,metavision,chartevents,Labs,None,Numeric,
14130,225692,Total Granulocyte Count (TGC),Total Granulocyte Count (TGC),metavision,chartevents,Labs,None,Numeric,
14131,225693,Triglyceride,Triglyceride,metavision,chartevents,Labs,None,Numeric,
14132,225694,ZTropinin - T,ZTropinin - T,metavision,chartevents,Labs,None,Numeric,
14133,225695,Uric Acid,Uric Acid,metavision,chartevents,Labs,None,Numeric,
14134,225697,ZVancomycin (Peak),ZVancomycin (Peak),metavision,chartevents,Labs,None,Numeric,
14135,225698,TCO2 (calc) Arterial,TCO2 (calc) Arterial,metavision,chartevents,Labs,None,Numeric,
14901,227775,Skeletal Traction #1 - Pounds,Skeletal Traction #1 - Pounds,metavision,chartevents,Treatments,lbs,Numeric,
14902,227776,Skeletal Traction #2 - Pounds,Skeletal Traction #2 - Pounds,metavision,chartevents,Treatments,lbs,Numeric,
14903,227777,Skeletal Traction #3 - Pounds,Skeletal Traction #3 - Pounds,metavision,chartevents,Treatments,lbs,Numeric,
14904,227778,Skeletal Traction #4 - Pounds,Skeletal Traction #4 - Pounds,metavision,chartevents,Treatments,lbs,Numeric,
14933,227812,Medication Infusion Rate - Adjunctive Pain Management,Medication Infusion Rate,metavision,chartevents,Pain/Sedation,None,Numeric,
13262,224710,Recruitment Press,Recruitment Press,metavision,chartevents,Respiratory,cmH2O,Numeric,
13263,224711,Recruitment Duration,Recruitment Duration,metavision,chartevents,Respiratory,sec,Numeric,
13274,224726,O2 Consumption,O2 Consumption,metavision,chartevents,Respiratory,ml/min,Numeric,
13275,224727,Resting Energy Expenditure,REE,metavision,chartevents,Respiratory,kcal/day,Numeric,
13276,224728,Peak Exp Flow Rate,Peak Exp Flow Rate,metavision,chartevents,Respiratory,L/min,Numeric,
13281,224738,Inspiratory Time,IT,metavision,chartevents,Respiratory,sec,Numeric,
13283,224743,Vd/Vt Ratio,Vd/Vt Ratio,metavision,chartevents,Respiratory,None,Numeric,
13284,224745,Respiratory Quotient,RQ,metavision,chartevents,Respiratory,None,Numeric,
13285,224746,Transpulmonary Pressure (Exp. Hold),Transpulmonary Press (Exp. Hold),metavision,chartevents,Respiratory,cmH2O,Numeric,
13286,224747,Transpulmonary Pressure (Insp. Hold),Transpulmonary Press (Insp. Hold),metavision,chartevents,Respiratory,cmH2O,Numeric,
13287,224748,Cont Neb - Dose (mg/hr/drug),Cont Neb - Dose (mg/hr/drug),metavision,chartevents,Respiratory,mg/hour,Numeric,
13288,224749,Nitric Oxide,Nitric Oxide,metavision,chartevents,Respiratory,ppm,Numeric,
13289,224750,Nitric Oxide Tank Pressure,Nitric Oxide Tank Pressure,metavision,chartevents,Respiratory,psi,Numeric,
13290,224751,Temporary Pacemaker Rate,Temp Pacemaker Rate,metavision,chartevents,Cardiovascular (Pacer Data),bpm,Numeric,
13291,224752,Temporary Atrial Sens Threshold mV,Temp Atrial Sens Threshold mV,metavision,chartevents,Cardiovascular (Pacer Data),mV,Numeric,
13292,224753,Temporary Atrial Sens Setting mV,Temp Atrial Sens Setting mV,metavision,chartevents,Cardiovascular (Pacer Data),mV,Numeric,
13293,224754,Temporary Atrial Stim Threshold mA,Temp Atrial Stim Threshold mA,metavision,chartevents,Cardiovascular (Pacer Data),mA,Numeric,
13294,224755,Temporary Atrial Stim Setting mA,Temp Atrial Stim Setting mA,metavision,chartevents,Cardiovascular (Pacer Data),mA,Numeric,
14949,227602,Impaired Skin Length #9,Site Length #9,metavision,chartevents,Skin - Impairment,cm,Numeric,
14950,227603,Impaired Skin Length #10,Site Length #10,metavision,chartevents,Skin - Impairment,cm,Numeric,
14959,227614,Impaired Skin Width #9,Site Width #9,metavision,chartevents,Skin - Impairment,cm,Numeric,
14960,227615,Impaired Skin Width #10,Site Width #10,metavision,chartevents,Skin - Impairment,cm,Numeric,
14972,227627,Arctic Sun/Alsius Set Temp,Arctic Sun/Alsius Set Temp,metavision,chartevents,Treatments,?C,Numeric,
14973,227628,Arctic Sun Water Temp,Arctic Sun Water Temp,metavision,chartevents,Treatments,?C,Numeric,
14977,227632,Arctic Sun/Alsius Temp #1 C,Arctic Sun/Alsius Temp #1 C,metavision,chartevents,Routine Vital Signs,?C,Numeric,
14978,227634,Arctic Sun/Alsius Temp #2 C,Arctic Sun/Alsius Temp #2 C,metavision,chartevents,Routine Vital Signs,?C,Numeric,
14981,227639,Medication Added Amount  #2 (Peritoneal Dialysis),Medication Added Amount  #2 (PD),metavision,chartevents,Dialysis,None,Numeric,
14986,227645,Breast Feed - L (Minutes),Breast Feed - L (Minutes),metavision,chartevents,OB-GYN,min,Numeric,
14987,227646,Breast Feed - R (Minutes),Breast Feed - R (Minutes),metavision,chartevents,OB-GYN,min,Numeric,
14988,227647,Clot Size (cm),Clot Size (cm),metavision,chartevents,OB-GYN,cm,Numeric,
15084,227989,Intra Cranial Pressure #2,IC2,metavision,chartevents,Hemodynamics,mmHg,Numeric,
15085,227990,Intra Cranial Pressure #2 Alarm - High,IC2 Alarm - High,metavision,chartevents,Alarms,mmHg,Numeric,
15086,227991,Intra Cranial Pressure #2 Alarm - Low,IC2 Alarm - Low,metavision,chartevents,Alarms,mmHg,Numeric,
15088,228004,Citrate (ACD-A),Citrate (ACD-A),metavision,chartevents,Dialysis,ml/hr,Numeric,
15089,228005,PBP (Prefilter) Replacement Rate,PBP (Prefilter) Replacement Rate,metavision,chartevents,Dialysis,ml/hr,Numeric,
15090,228006,Post Filter Replacement Rate,Post Filter Replacement Rate,metavision,chartevents,Dialysis,ml/hr,Numeric,
13441,224837,Temporary Ventricular Sens Setting mV,Temp Ventricular Sens Setting mV,metavision,chartevents,Cardiovascular (Pacer Data),mV,Numeric,
13442,224838,Temporary Ventricular Stim Setting mA,Temp Ventricular Stim Setting mA,metavision,chartevents,Cardiovascular (Pacer Data),mA,Numeric,
13443,224839,Temporary Pacemaker Wires Atrial,Temp Pacemaker Wires Atrial,metavision,chartevents,Cardiovascular (Pacer Data),None,Numeric,
13444,224842,Cardiac Output (CCO),CO (CCO),metavision,chartevents,Hemodynamics,L/min,Numeric,
13446,224845,Permanent Pacemaker Rate,Permanent Pacemaker Rate,metavision,chartevents,Cardiovascular (Pacer Data),/min,Numeric,
13447,224846,Impaired Skin Width #1,Site Width #1,metavision,chartevents,Skin - Impairment,cm,Numeric,
13468,224951,Impaired Skin Width #2,Site Width #2,metavision,chartevents,Skin - Impairment,cm,Numeric,
13469,224952,Impaired Skin Width #3,Site Width #3,metavision,chartevents,Skin - Impairment,cm,Numeric,
13470,224953,Impaired Skin Width #4,Site Width #4,metavision,chartevents,Skin - Impairment,cm,Numeric,
13471,224954,Impaired Skin Width #5,Site Width #5,metavision,chartevents,Skin - Impairment,cm,Numeric,
13472,224955,Impaired Skin Width #6,Site Width #6,metavision,chartevents,Skin - Impairment,cm,Numeric,
13473,224956,Impaired Skin Width #7,Site Width #7,metavision,chartevents,Skin - Impairment,cm,Numeric,
13474,224957,Impaired Skin Width #8,Site Width #8,metavision,chartevents,Skin - Impairment,cm,Numeric,
14286,226170,Head of Bead Measurement,HOB Measurement,metavision,chartevents,Treatments,Degree,Numeric,
14289,226183,Estimated Energy Needs/Kg,Estimated Energy Needs/Kg,metavision,chartevents,General,kcal/kg,Numeric,
14290,226184,Estimated Protein Needs/Kg,Estimated Protein Needs/Kg,metavision,chartevents,General,g/kg,Numeric,
14305,226011,Number of attempts (PACEN),Number of attempts (PACEN),metavision,chartevents,Paracentesis,None,Numeric,
15130,227916,Rest HR -  Aerobic Activity Response,Rest HR -  Aerobic Activity Response,metavision,chartevents,OT Notes,None,Numeric,
15131,227918,Rest RR - Aerobic Activity Response,Rest RR - Aerobic Activity Response,metavision,chartevents,OT Notes,None,Numeric,
15132,227919,Rest O2 Sat - Aerobic Activity Response,Rest O2 Sat - Aerobic Activity Response,metavision,chartevents,OT Notes,%,Numeric,
15134,227923,Activity HR - Aerobic Activity Response,Activity HR - Aerobic Activity Response,metavision,chartevents,OT Notes,None,Numeric,
15135,227925,Activity RR - Aerobic Activity Response,Activity RR - Aerobic Activity Response,metavision,chartevents,OT Notes,None,Numeric,
15136,227926,Activity O2 sat - Aerobic Activity Response,Activity O2 sat - Aerobic Activity Response,metavision,chartevents,OT Notes,%,Numeric,
14229,225980,IABP Volume,IABP Volume,metavision,chartevents,Access Lines - Invasive,mL,Numeric,
15020,227685,ZCentral Venous O2% Sat,ZCentral Venous O2% Sat,metavision,chartevents,Labs,None,Numeric,
15021,227686,Central Venous O2% Sat,Central Venous O2% Sat,metavision,chartevents,Labs,%,Numeric,
15041,227716,Cerebral Perfusion Pressure Alarm - High,CPP Alarm - High,metavision,chartevents,Alarms,mmHg,Numeric,
13382,224491,Lidocaine 1% (LP),Lidocaine 1% (LP),metavision,chartevents,Lumbar Puncture,mL SC,Numeric,
13385,224498,Amount of fluid removed (LP),Amount of fluid removed (LP),metavision,chartevents,Lumbar Puncture,mL,Numeric,
13389,224505,Lidocaine 1% (THCEN),Lidocaine 1% (THCEN),metavision,chartevents,Thoracentesis,mL SC,Numeric,
13398,224562,Impaired Skin Length #1,Site Length #1,metavision,chartevents,Skin - Impairment,cm,Numeric,
13399,224563,Impaired Skin Depth #1,Site Depth #1,metavision,chartevents,Skin - Impairment,cm,Numeric,
13420,224639,Daily Weight,Daily Weight,metavision,chartevents,General,kg,Numeric,
13424,224643,Manual Blood Pressure Diastolic Left,Manual BPd L,metavision,chartevents,Routine Vital Signs,mmHg,Numeric,
13425,224645,Orthostatic BPs lying,Orthostatic BPs lying,metavision,chartevents,Routine Vital Signs,mmHg,Numeric,
13426,224646,Orthostatic BPs sitting,Orthostatic BPs sitting,metavision,chartevents,Routine Vital Signs,mmHg,Numeric,
13427,224647,Orthostatic HR standing,Orthostatic HR standing,metavision,chartevents,Routine Vital Signs,bpm,Numeric,
13430,224652,Unassisted Systole,SYS - Unassisted,metavision,chartevents,IABP,mmHg,Numeric,
13431,224654,PAEDP,DIA - Unassisted,metavision,chartevents,IABP,mmHg,Numeric,
13432,224659,Vacuum Assist,Vacuum Assist,metavision,chartevents,Hemodynamics,mmHg,Numeric,
13433,224660,ECMO,ECMO,metavision,chartevents,Hemodynamics,L/min,Numeric,
13434,224661,Baseline Current/mA,Baseline Current/mA,metavision,chartevents,Pain/Sedation,mA,Numeric,
13435,224662,Current Used/mA,Current Used/mA,metavision,chartevents,Pain/Sedation,mA,Numeric,
13436,224663,PCA attempt,PCA attempt,metavision,chartevents,Pain/Sedation,None,Numeric,
13437,224665,PCA total dose,PCA total dose,metavision,chartevents,Pain/Sedation,None,Numeric,
14243,226096,Orthostatic BPd standing,Orthostatic BPd standing,metavision,chartevents,Routine Vital Signs,mmHg,Numeric,
15042,227717,Cerebral Perfusion Pressure Alarm - Low,CPP Alarm - Low,metavision,chartevents,Alarms,mmHg,Numeric,
15057,227872,Recovery RR - Aerobic Capacity,Recovery RR - Aerobic Capacity,metavision,chartevents,OT Notes,None,Numeric,
15058,227873,Recovery O2 Sat - Aerobic Capacity,Recovery O2 Sat - Aerobic Capacity,metavision,chartevents,OT Notes,%,Numeric,
15197,228198,Tandem Heart Flow,Tandem Heart Flow,metavision,chartevents,Tandem Heart,L/min,Numeric,
15203,228204,Tandem Heart Access Line Catheter Length,Tandem Heart Access Line Catheter Length,metavision,chartevents,Access Lines - Invasive,cm,Numeric,
15233,228239,Phenytoin (Free) (SOFT),Phenytoin (Free) (SOFT),metavision,chartevents,Labs,None,Numeric,
15235,228241,Ammonia (Soft)_OLD_1,Ammonia (Soft)_OLD_1,metavision,chartevents,Labs,None,Numeric,
15236,228242,Pt. Temperature (BG) (SOFT),Pt. Temperature (BG) (SOFT),metavision,chartevents,Labs,None,Numeric,
15237,228243,PH (SOFT),PH (SOFT),metavision,chartevents,Labs,None,Numeric,
12683,220507,Activated Clotting Time,ACT,metavision,chartevents,Labs,None,Numeric,
12684,220541,ZFibrinogen,ZFibrinogen,metavision,chartevents,Labs,None,Numeric,
12685,220545,Hematocrit (serum),Hematocrit (serum),metavision,chartevents,Labs,None,Numeric,
12686,220546,WBC,WBC,metavision,chartevents,Labs,None,Numeric,
12687,220560,ZProthrombin time,ZPT,metavision,chartevents,Labs,None,Numeric,
12688,220561,ZINR,ZINR,metavision,chartevents,Labs,None,Numeric,
12689,220562,ZPTT,ZPTT,metavision,chartevents,Labs,None,Numeric,
12690,220574,ZAlbumin,ZAlbumin,metavision,chartevents,Labs,None,Numeric,
12691,220580,Ammonia,Ammonia,metavision,chartevents,Labs,None,Numeric,
12692,220581,Amylase,Amylase,metavision,chartevents,Labs,None,Numeric,
12693,220587,AST,AST,metavision,chartevents,Labs,None,Numeric,
12694,220602,Chloride (serum),Chloride (serum),metavision,chartevents,Labs,None,Numeric,
12695,220603,Cholesterol,Cholesterol,metavision,chartevents,Labs,None,Numeric,
12696,220611,ZCortisol,ZCortisol,metavision,chartevents,Labs,None,Numeric,
12697,220612,ZC Reactive Protein (CRP),ZC Reaction Protein (CRP),metavision,chartevents,Labs,None,Numeric,
12698,220615,Creatinine,Creatinine,metavision,chartevents,Labs,None,Numeric,
12699,220621,Glucose (serum),Glucose (serum),metavision,chartevents,Labs,None,Numeric,
12700,220624,HDL,HDL,metavision,chartevents,Labs,None,Numeric,
12701,220632,LDH,LDH,metavision,chartevents,Labs,None,Numeric,
12702,220635,Magnesium,Magnesium,metavision,chartevents,Labs,None,Numeric,
12703,220640,ZPotassium (serum),ZPotassium (serum),metavision,chartevents,Labs,None,Numeric,
12704,220644,ALT,ALT,metavision,chartevents,Labs,None,Numeric,
12705,220645,Sodium (serum),Sodium (serum),metavision,chartevents,Labs,None,Numeric,
12706,220650,Total Protein,Total Protein,metavision,chartevents,Labs,None,Numeric,
12707,220734,PH (dipstick),PH (dipstick),metavision,chartevents,Labs,None,Numeric,
12709,220765,Intra Cranial Pressure,ICP,metavision,chartevents,Hemodynamics,mmHg,Numeric,
12710,220799,ZSpecific Gravity (urine),ZSpecific gravity (urine),metavision,chartevents,Labs,None,Numeric,
12712,220045,Heart Rate,HR,metavision,chartevents,Routine Vital Signs,bpm,Numeric,
12713,220046,Heart rate Alarm - High,HR Alarm - High,metavision,chartevents,Alarms,bpm,Numeric,
12714,220047,Heart Rate Alarm - Low,HR Alarm - Low,metavision,chartevents,Alarms,bpm,Numeric,
12716,220050,Arterial Blood Pressure systolic,ABPs,metavision,chartevents,Routine Vital Signs,mmHg,Numeric,
12717,220051,Arterial Blood Pressure diastolic,ABPd,metavision,chartevents,Routine Vital Signs,mmHg,Numeric,
12718,220052,Arterial Blood Pressure mean,ABPm,metavision,chartevents,Routine Vital Signs,mmHg,Numeric,
12719,220056,Arterial Blood Pressure Alarm - Low,ABP Alarm - Low,metavision,chartevents,Alarms,mmHg,Numeric,
12720,220058,Arterial Blood Pressure Alarm - High,ABP Alarm - High,metavision,chartevents,Alarms,mmHg,Numeric,
12721,220059,Pulmonary Artery Pressure systolic,PAPs,metavision,chartevents,Hemodynamics,mmHg,Numeric,
12722,220060,Pulmonary Artery Pressure diastolic,PAPd,metavision,chartevents,Hemodynamics,mmHg,Numeric,
12723,220061,Pulmonary Artery Pressure mean,PAPm,metavision,chartevents,Hemodynamics,mmHg,Numeric,
12724,220063,Pulmonary Artery Pressure Alarm - High,PAP Alarm - High,metavision,chartevents,Alarms,mmHg,Numeric,
12725,220066,Pulmonary Artery Pressure Alarm - Low,PAP Alarm - Low,metavision,chartevents,Alarms,mmHg,Numeric,
12726,220069,Left Artrial Pressure,LAP,metavision,chartevents,Hemodynamics,mmHg,Numeric,
12727,220072,Central Venous Pressure Alarm - High,CVP Alarm - High,metavision,chartevents,Alarms,mmHg,Numeric,
12728,220073,Central Venous Pressure  Alarm - Low,CVP Alarm - Low,metavision,chartevents,Alarms,mmHg,Numeric,
12729,220074,Central Venous Pressure,CVP,metavision,chartevents,Hemodynamics,mmHg,Numeric,
12730,220088,Cardiac Output (thermodilution),CO (thermodilution),metavision,chartevents,Hemodynamics,L/min,Numeric,
12732,220125,Left Ventricular Assit Device Flow,LVAD,metavision,chartevents,Hemodynamics,L/min,Numeric,
12733,220128,Right Ventricular Assist Device Flow,RVAD,metavision,chartevents,Hemodynamics,L/min,Numeric,
12734,220179,Non Invasive Blood Pressure systolic,NBPs,metavision,chartevents,Routine Vital Signs,mmHg,Numeric,
12735,220180,Non Invasive Blood Pressure diastolic,NBPd,metavision,chartevents,Routine Vital Signs,mmHg,Numeric,
12736,220181,Non Invasive Blood Pressure mean,NBPm,metavision,chartevents,Routine Vital Signs,mmHg,Numeric,
12737,220194,Temporary AV interval,Temp AV interval,metavision,chartevents,Cardiovascular (Pacer Data),msec,Numeric,
12738,220210,Respiratory Rate,RR,metavision,chartevents,Respiratory,insp/min,Numeric,
12739,220218,Vital Capacity,VC,metavision,chartevents,Respiratory,Liters,Numeric,
12740,220224,Arterial O2 pressure,PO2 (Arterial),metavision,chartevents,Labs,mmHg,Numeric,
12741,220227,Arterial O2 Saturation,SaO2,metavision,chartevents,Labs,%,Numeric,
12742,220228,Hemoglobin,Hemoglobin,metavision,chartevents,Labs,g/dl,Numeric,
12743,220235,Arterial CO2 Pressure,PCO2 (Arterial),metavision,chartevents,Labs,mmHg,Numeric,
12744,220245,CO2 production,CO2 production,metavision,chartevents,Respiratory,ml/min,Numeric,
12745,220274,PH (Venous),PH (Venous),metavision,chartevents,Labs,None,Numeric,
13624,224826,ZHCO3 (serum),ZHCO3 (serum),metavision,chartevents,Labs,None,Numeric,
13625,224828,Arterial Base Excess,Arterial Base Excess,metavision,chartevents,Labs,None,Numeric,
14344,226062,Venous CO2 Pressure,PCO2 (Venous),metavision,chartevents,Labs,mmHg,Numeric,
14345,226063,Venous O2 Pressure,PO2 (Venous),metavision,chartevents,Labs,mmHg,Numeric,
14346,226064,ZVancomycin (Trough),ZVancomycin (Trough),metavision,chartevents,Labs,None,Numeric,
14347,226065,ZVancomycin (Random),ZVancomycin (Random),metavision,chartevents,Labs,None,Numeric,
14348,226066,ZTobramycin (Trough),ZTobramycin (Trough),metavision,chartevents,Labs,None,Numeric,
14349,226067,ZTobramycin (Random),ZTobramycin (Random),metavision,chartevents,Labs,None,Numeric,
14350,226068,ZGentamicin (Trough),ZGentamicin (Trough),metavision,chartevents,Labs,None,Numeric,
14351,226069,ZGentamicin (Random),ZGentamicin (Random),metavision,chartevents,Labs,None,Numeric,
14353,226092,Orthostatic BPd lying,Orthostatic BPd lying,metavision,chartevents,Routine Vital Signs,mmHg,Numeric,
14354,226094,Orthostatic BPd sitting,Orthostatic BPd sitting,metavision,chartevents,Routine Vital Signs,mmHg,Numeric,
15138,227930,Recovery HR - Aerobic Activity Response,Recovery HR - Aerobic Activity Response,metavision,chartevents,OT Notes,None,Numeric,
15139,227932,Recovery RR - Aerobic Activity Response,Recovery RR - Aerobic Activity Response,metavision,chartevents,OT Notes,None,Numeric,
15140,227933,Recovery O2 sat - Aerobic Activity Response,Recovery O2 sat - Aerobic Activity Response,metavision,chartevents,OT Notes,%,Numeric,
15170,227858,Rest HR - Aerobic Capacity,Rest HR - Aerobic Capacity,metavision,chartevents,OT Notes,None,Numeric,
15171,227860,Rest RR - Aerobic Capacity,Rest RR - Aerobic Capacity,metavision,chartevents,OT Notes,None,Numeric,
15172,227861,Rest O2 Sat - Aerobic Capacity,Rest O2 Sat - Aerobic Capacity,metavision,chartevents,OT Notes,%,Numeric,
15173,227864,Activity HR - Aerobic Capacity,Activity HR - Aerobic Capacity,metavision,chartevents,OT Notes,None,Numeric,
15174,227866,Activity RR - Aerobic Capacity,Activity RR - Aerobic Capacity,metavision,chartevents,OT Notes,None,Numeric,
15175,227867,Activity O2 Sat - Aerobic Capacity,Activity O2 Sat - Aerobic Capacity,metavision,chartevents,OT Notes,%,Numeric,
15176,227870,Recovery HR - Aerobic Capacity,Recovery HR - Aerobic Capacity,metavision,chartevents,OT Notes,None,Numeric,
15177,228177,CI (PiCCO),CI (PiCCO),metavision,chartevents,PiCCO,L/min/m2,Numeric,
15178,228178,CO (PiCCO),CO (PiCCO),metavision,chartevents,PiCCO,L/min,Numeric,
15179,228179,ELWI (PiCCO),ELWI (PiCCO),metavision,chartevents,PiCCO,ml/kg,Numeric,
15180,228180,GEDI (PiCCO),GEDI (PiCCO),metavision,chartevents,PiCCO,mL/m2,Numeric,
15181,228181,ITBVI (PiCCO),ITBVI (PiCCO),metavision,chartevents,PiCCO,mL/m2,Numeric,
15182,228182,SVI (PiCCO),SVI (PiCCO),metavision,chartevents,PiCCO,mL/m2,Numeric,
15183,228183,SVRI (PiCCO)_OLD_1,SVRI (PiCCO)_OLD_1,metavision,chartevents,PiCCO,dynes.sec.cm-5/m2,Numeric,
15184,228184,SVV (PiCCO),SVV (PiCCO),metavision,chartevents,PiCCO,%,Numeric,
15185,228185,SVRI (PiCCO),SVRI (PiCCO),metavision,chartevents,PiCCO,dynes.sec.cm-5/m2,Numeric,
15189,228189,CO-Tandem Heart Flow,CO-Tandem Heart Flow,metavision,chartevents,Tandem Heart,L/min,Numeric,
15190,228190,Infusate Drops/Minute,Infusate Drops/Minute,metavision,chartevents,Tandem Heart,None,Numeric,
15191,228191,Infusion Pressure of Line,Infusion Pressure of Line,metavision,chartevents,Tandem Heart,None,Numeric,
15192,228192,Oxygenator Sweep Rate,Oxygenator Sweep Rate,metavision,chartevents,Tandem Heart,L/min,Numeric,
13560,224895,Impaired Skin Depth #2,Site Depth #2,metavision,chartevents,Skin - Impairment,cm,Numeric,
13561,224896,Impaired Skin Depth #3,Site Depth #3,metavision,chartevents,Skin - Impairment,cm,Numeric,
13562,224897,Impaired Skin Depth #4,Site Depth #4,metavision,chartevents,Skin - Impairment,cm,Numeric,
13563,224898,Impaired Skin Depth #5,Site Depth #5,metavision,chartevents,Skin - Impairment,cm,Numeric,
13564,224899,Impaired Skin Depth #6,Site Depth #6,metavision,chartevents,Skin - Impairment,cm,Numeric,
13565,224900,Impaired Skin Depth #7,Site Depth #7,metavision,chartevents,Skin - Impairment,cm,Numeric,
13566,224901,Impaired Skin Depth #8,Site Depth #8,metavision,chartevents,Skin - Impairment,cm,Numeric,
13581,224916,Impaired Skin Length #2,Site Length #2,metavision,chartevents,Skin - Impairment,cm,Numeric,
13582,224917,Impaired Skin Length #3,Site Length #3,metavision,chartevents,Skin - Impairment,cm,Numeric,
13583,224918,Impaired Skin Length #4,Site Length #4,metavision,chartevents,Skin - Impairment,cm,Numeric,
13584,224919,Impaired Skin Length #5,Site Length #5,metavision,chartevents,Skin - Impairment,cm,Numeric,
13585,224920,Impaired Skin Length #6,Site Length #6,metavision,chartevents,Skin - Impairment,cm,Numeric,
13586,224921,Impaired Skin Length #7,Site Length #7,metavision,chartevents,Skin - Impairment,cm,Numeric,
13587,224922,Impaired Skin Length #8,Site Length #8,metavision,chartevents,Skin - Impairment,cm,Numeric,
14389,226499,Hemodialysis Output,Hemodialysis Output,metavision,chartevents,Dialysis,mL,Numeric,
14390,226504,Phenytoin (Free),Phenytoin (Free),metavision,chartevents,Labs,None,Numeric,
14391,226512,Admission Weight (Kg),Admission Weight (Kg),metavision,chartevents,General,kg,Numeric,
14401,226531,Admission Weight (lbs.),Admission Weight (lbs.),metavision,chartevents,General,None,Numeric,
14403,226534,Sodium (whole blood),Sodium (whole blood),metavision,chartevents,Labs,None,Numeric,
14404,226535,ZPotassium (whole blood),ZPotassium (whole blood),metavision,chartevents,Labs,None,Numeric,
14405,226536,Chloride (whole blood),Chloride (whole blood),metavision,chartevents,Labs,None,Numeric,
14406,226537,Glucose (whole blood),Glucose (whole blood),metavision,chartevents,Labs,None,Numeric,
14407,226540,Hematocrit (whole blood - calc),Hematocrit (whole blood - calc),metavision,chartevents,Labs,None,Numeric,
14408,226541,ScvO2 Central Venous O2% Sat,ScvO2 Central Venous O2% Sat,metavision,chartevents,Labs,None,Numeric,
14435,226226,Enteral Nutriton Residuals,Enteral Nutriton Residuals,metavision,chartevents,Nutrition - Enteral,None,Numeric,
14442,226253,SpO2 Desat Limit,SpO2 Desat Limit,metavision,chartevents,Alarms,%,Numeric,
15195,228195,Pump Speed,Pump Speed,metavision,chartevents,Tandem Heart,None,Numeric,
14523,226762,HematocritApacheIIValue,HematocritApacheIIValue,metavision,chartevents,Scores - APACHE II,None,Numeric,
14524,226763,HrApacheIIScore,HrApacheIIScore,metavision,chartevents,Scores - APACHE II,None,Numeric,
14525,226764,HrApacheIIValue,HrApacheIIValue,metavision,chartevents,Scores - APACHE II,bpm,Numeric,
14526,226765,MapApacheIIScore,MapApacheIIScore,metavision,chartevents,Scores - APACHE II,None,Numeric,
14527,226766,MapApacheIIValue,MapApacheIIValue,metavision,chartevents,Scores - APACHE II,mmHg,Numeric,
14528,226767,OxygenApacheIIScore,OxygenApacheIIScore,metavision,chartevents,Scores - APACHE II,None,Numeric,
14529,226768,PhApacheIIScore,PhApacheIIScore,metavision,chartevents,Scores - APACHE II,None,Numeric,
14530,226769,PHApacheIIValue,PHApacheIIValue,metavision,chartevents,Scores - APACHE II,None,Numeric,
14531,226770,PO2ApacheIIValue,PO2ApacheIIValue,metavision,chartevents,Scores - APACHE II,None,Numeric,
14532,226771,PotassiumApacheIIScore,PotassiumApacheIIScore,metavision,chartevents,Scores - APACHE II,None,Numeric,
14533,226772,PotassiumApacheIIValue,PotassiumApacheIIValue,metavision,chartevents,Scores - APACHE II,None,Numeric,
14534,226773,RrApacheIIScore,RrApacheIIScore,metavision,chartevents,Scores - APACHE II,None,Numeric,
14535,226774,RRApacheIIValue,RRApacheIIValue,metavision,chartevents,Scores - APACHE II,insp/min,Numeric,
14536,226775,SodiumApacheIIScore,SodiumApacheIIScore,metavision,chartevents,Scores - APACHE II,None,Numeric,
14537,226776,SodiumApacheIIValue,SodiumApacheIIValue,metavision,chartevents,Scores - APACHE II,None,Numeric,
14538,226777,TempApacheIIScore,TempApacheIIScore,metavision,chartevents,Scores - APACHE II,None,Numeric,
14539,226778,TempApacheIIValue,TempApacheIIValue,metavision,chartevents,Scores - APACHE II,?F,Numeric,
14540,226779,WbcApacheIIScore,WbcApacheIIScore,metavision,chartevents,Scores - APACHE II,None,Numeric,
14541,226780,WBCApacheIIValue,WBCApacheIIValue,metavision,chartevents,Scores - APACHE II,None,Numeric,
15312,228119,Depth at which wedge obtained (PA Line),Depth at which wedge obtained (PA Line),metavision,chartevents,PA Line Insertion,cm,Numeric,
15334,228145,ABI Ankle BP L,ABI Ankle BP L ,metavision,chartevents,IABP,mmHg,Numeric,
15335,228146,ABI Brachial BP R,ABI Brachial BP R ,metavision,chartevents,IABP,mmHg,Numeric,
12816,223872,Inspired Gas Temp.,Inspired Gas Temp.,metavision,chartevents,Respiratory,?C,Numeric,
12817,223873,Paw High,Paw High,metavision,chartevents,Respiratory,cmH2O,Numeric,
12818,223874,Vti High,Vti High,metavision,chartevents,Respiratory,mL,Numeric,
12819,223875,Fspn High,Fspn High,metavision,chartevents,Respiratory,insp/min,Numeric,
12820,223876,Apnea Interval,Apnea Interval,metavision,chartevents,Respiratory,sec,Numeric,
12821,223877,ZCath Lab Intake,ZCath Lab Intake,metavision,chartevents,ZIntake,mL,Numeric,
12822,223878,ZOR Intake,ZOR Intake,metavision,chartevents,ZIntake,mL,Numeric,
12823,223879,ZPACU Intake,ZPACU Intake,metavision,chartevents,ZIntake,mL,Numeric,
12824,223880,ZFree Form Intake,ZFree Form Intake,metavision,chartevents,ZIntake,mL,Numeric,
12825,223881,ZGU Irrigant Intake,ZGU Irrigant Intake,metavision,chartevents,ZIntake,mL,Numeric,
13648,225246,Fluid Removed (THCEN),Fluid Removed (THCEN),metavision,chartevents,Thoracentesis,mL,Numeric,
13654,225257,Lidocaine 1% (PACEN),Lidocaine 1% (PACEN),metavision,chartevents,Paracentesis,mL SC,Numeric,
13656,225261,Fluid removed (PACEN),Fluid removed (PACEN),metavision,chartevents,Paracentesis,mL,Numeric,
13660,225277,ETT Position (cm at teeth),ETT Position (cm at teeth),metavision,chartevents,Respiratory,None,Numeric,
14445,226272,EF (CCO),EF (CCO),metavision,chartevents,Hemodynamics,%,Numeric,
14446,226329,Blood Temperature CCO (C),Blood Temp CCO (C),metavision,chartevents,Routine Vital Signs,?C,Numeric,
14473,226457,Ultrafiltrate Output,Ultrafiltrate Output,metavision,chartevents,Dialysis,mL,Numeric,
14492,226707,Height,Height,metavision,chartevents,General,Inch,Numeric,
14496,226730,Height (cm),Height (cm),metavision,chartevents,General,cm,Numeric,
14498,226737,AaDO2ApacheIIValue,AaDO2ApacheIIValue,metavision,chartevents,Scores - APACHE II,mmHg,Numeric,
14499,226738,AgeApacheIIScore,AgeApacheIIScore,metavision,chartevents,Scores - APACHE II,None,Numeric,
14500,226739,AgeApacheIIValue,AgeApacheIIValue,metavision,chartevents,Scores - APACHE II,years,Numeric,
15285,228090,Number of attempts (THCEN),Number of attempts (THCEN),metavision,chartevents,Thoracentesis,None,Numeric,
12746,220277,O2 saturation pulseoxymetry,SpO2,metavision,chartevents,Respiratory,%,Numeric,
12747,220283,Resistance,Resistance,metavision,chartevents,Respiratory,cmH2O/L/seconds,Numeric,
12748,220292,Minute Volume Alarm - Low,MV Alarm - Low,metavision,chartevents,Alarms,L/min,Numeric,
12749,220293,Minute Volume Alarm - High,MV Alarm - High,metavision,chartevents,Alarms,L/min,Numeric,
12750,220339,PEEP set,PEEP set,metavision,chartevents,Respiratory,cmH2O,Numeric,
12751,223752,Non-Invasive Blood Pressure Alarm - Low,NBP Alarm - Low,metavision,chartevents,Alarms,mmHg,Numeric,
12757,223761,Temperature Fahrenheit,Temperature F,metavision,chartevents,Routine Vital Signs,?F,Numeric,
12758,223762,Temperature Celsius,Temperature C,metavision,chartevents,Routine Vital Signs,?C,Numeric,
12759,223763,Bladder Pressure,Bladder Pressure,metavision,chartevents,Routine Vital Signs,mmHg,Numeric,
12760,223764,Orthostatic HR lying,Orthostatic HR lying,metavision,chartevents,Routine Vital Signs,bpm,Numeric,
12761,223765,Orthostatic HR sitting,Orthostatic HR sitting,metavision,chartevents,Routine Vital Signs,bpm,Numeric,
12762,223766,Orthostatic BPs standing,Orthostatic BPs standing,metavision,chartevents,Routine Vital Signs,mmHg,Numeric,
12763,223767,Intra Cranial Pressure Alarm - High,ICP Alarm - High,metavision,chartevents,Alarms,mmHg,Numeric,
12764,223768,Intra Cranial Pressure Alarm - Low,ICP Alarm - Low,metavision,chartevents,Alarms,mmHg,Numeric,
12765,223769,O2 Saturation Pulseoxymetry Alarm - High,SpO2 Alarm - High,metavision,chartevents,Alarms,%,Numeric,
12766,223770,O2 Saturation Pulseoxymetry Alarm - Low,SpO2 Alarm - Low,metavision,chartevents,Alarms,%,Numeric,
12767,223771,PCWP,PCWP,metavision,chartevents,Hemodynamics,mmHg,Numeric,
12768,223772,SvO2,SvO2,metavision,chartevents,Hemodynamics,%,Numeric,
12769,223773,PA Line cm Mark,PA Line cm Mark,metavision,chartevents,Hemodynamics,cm,Numeric,
12770,223775,VAD Beat Rate R,VAD Beat Rate R,metavision,chartevents,Hemodynamics,bpm,Numeric,
12802,223830,PH (Arterial),PH (Arterial),metavision,chartevents,Labs,None,Numeric,
12803,223834,O2 Flow,O2 Flow,metavision,chartevents,Respiratory,L/min,Numeric,
12804,223835,Inspired O2 Fraction,FiO2,metavision,chartevents,Respiratory,None,Numeric,
13687,225309,ART BP Systolic,ART BP Systolic,metavision,chartevents,Routine Vital Signs,mmHg,Numeric,
13688,225310,ART BP Diastolic,ART BP Diastolic,metavision,chartevents,Routine Vital Signs,mmHg,Numeric,
13689,225312,ART BP mean,ART BP mean,metavision,chartevents,Routine Vital Signs,mmHg,Numeric,
14504,226743,APACHE II,APACHE II,metavision,chartevents,Scores - APACHE II,None,Numeric,
14505,226744,APACHE II PDR - Adjusted,APACHE II PDR - Adjusted,metavision,chartevents,Scores - APACHE II,%,Numeric,
14506,226745,APACHE II Predecited Death Rate,APACHE II PDR,metavision,chartevents,Scores - APACHE II,%,Numeric,
14510,226749,ChpApacheIIScore,ChpApacheIIScore,metavision,chartevents,Scores - APACHE II,None,Numeric,
14512,226751,CreatinineApacheIIScore,CreatinineApacheIIScore,metavision,chartevents,Scores - APACHE II,None,Numeric,
14513,226752,CreatinineApacheIIValue,CreatinineApacheIIValue,metavision,chartevents,Scores - APACHE II,None,Numeric,
14514,226753,DswfApacheScore,DswfApacheScore,metavision,chartevents,Scores - APACHE II,None,Numeric,
14515,226754,FiO2ApacheIIValue,FiO2ApacheIIValue,metavision,chartevents,Scores - APACHE II,%,Numeric,
14516,226755,GcsApacheIIScore,GcsApacheIIScore,metavision,chartevents,Scores - APACHE II,None,Numeric,
14520,226759,HCO3ApacheIIValue,HCO3ApacheIIValue,metavision,chartevents,Scores - APACHE II,None,Numeric,
14521,226760,HCO3Score,HCO3Score,metavision,chartevents,Scores - APACHE II,None,Numeric,
14522,226761,HematocritApacheIIScore,HematocritApacheIIScore,metavision,chartevents,Scores - APACHE II,None,Numeric,
